,0
0,ERR017777
1,ERR017790
2,ERR019550
3,ERR019551
4,ERR019554
5,ERR019563
6,ERR019566
7,ERR019567
8,ERR019851
9,ERR019855
10,ERR019863
11,ERR019864
12,ERR019865
13,ERR019867
14,ERR019873
15,ERR019876
16,ERR023728
17,ERR023741
18,ERR024348
19,ERR026634
20,ERR026635
21,ERR026638
22,ERR026643
23,ERR026644
24,ERR026645
25,ERR026646
26,ERR027444
27,ERR027457
28,ERR027460
29,ERR027461
30,ERR029208
31,ERR036207
32,ERR038268
33,ERR067681
34,ERR067688
35,ERR067699
36,ERR067712
37,ERR1063839
38,ERR1063846
39,ERR1063849
40,ERR1063855
41,ERR1063856
42,ERR1063857
43,ERR1063858
44,ERR1063859
45,ERR1063862
46,ERR1063883
47,ERR1063896
48,ERR108471
49,ERR117698
50,ERR1200632
51,ERR1200649
52,ERR124636
53,ERR124642
54,ERR124651
55,ERR124652
56,ERR126600
57,ERR126608
58,ERR126618
59,ERR133825
60,ERR133928
61,ERR133986
62,ERR137286
63,ERR161033
64,ERR161034
65,ERR161037
66,ERR161039
67,ERR161125
68,ERR163948
69,ERR164004
70,ERR176560
71,ERR176568
72,ERR176643
73,ERR176651
74,ERR176658
75,ERR176740
76,ERR176741
77,ERR176751
78,ERR176766
79,ERR176771
80,ERR181315
81,ERR234127
82,ERR234139
83,ERR234217
84,ERR238745
85,ERR245790
86,ERR245814
87,ERR245819
88,ERR245820
89,ERR245824
90,SRR057595
91,SRR057659
92,SRR057660
93,SRR058400
94,SRR058401
